,gameId,trialNum,repNum,tangram,playerId,role,numPlayers,text,total_num_words,total_num_chars,_id,index,stageIds,createdAt,target,targetNum,countCorrect,speaker,submitted,correct,response,time,condition,activePlayerCount,gpt_out
0,4eigY5GthWZfxug8D,0,0,G,W2FcmbCnXZFmMLy9v,speaker,6,"arms extended, on leg forward, one leg backwards, both legs on ground, right leg slightly higher, arms are head level, pointed slightly up, back leg is thicc, front leg is a triangle",32,166,,,,,,,,,,,,,rotate,,"['arms extended', 'one leg forward', 'one leg backwards', 'both legs on ground', 'right leg slightly higher', 'arms are head level', 'pointed slightly up', 'back leg is thicc', 'front leg is a triangle']"
1,4eigY5GthWZfxug8D,1,0,I,W2FcmbCnXZFmMLy9v,speaker,6,"one left straight on the floor, back leg pointed back at a 90 degree angle, arms forward, head tilted back, two triangle arms, one arm below the other",28,140,,,,,,,,,,,,,rotate,,"['one left straight on the floor', 'back leg pointed back at a 90 degree angle', 'arms forward', 'head tilted back', 'two triangle arms', 'one arm below the other']"
2,4eigY5GthWZfxug8D,2,0,F,W2FcmbCnXZFmMLy9v,speaker,6,"sat on the floor, knees up to the chest, diamond head, thicc body, like a triangle on a rectangle, they look pensive, like they might be waiting, you can clearly see legs",32,156,,,,,,,,,,,,,rotate,,"['sat on the floor', 'knees up to the chest', 'diamond head', 'thicc body', 'like a triangle on a rectangle', 'they look pensive', 'like they might be waiting', 'you can clearly see legs']"
3,4eigY5GthWZfxug8D,3,0,J,W2FcmbCnXZFmMLy9v,speaker,6,"this is a weird one, the most square kinda body, tiny little triangle arm, only one arm, only one foot, diamond head, ya boi be thicc, his lift side is very rectangular, and right side is where the right arm and leg is, strong penguin vibes",46,222,,,,,,,,,,,,,rotate,,"['the most square kinda body', 'tiny little triangle arm', 'only one arm', 'only one foot', 'diamond head', 'ya boi be thicc', 'his left side is very rectangular', 'right side is where the right arm and leg is', 'strong penguin vibes']"
4,4eigY5GthWZfxug8D,4,0,A,W2FcmbCnXZFmMLy9v,speaker,6,"he's doing that like spooky ghost pose, both arms are together points to the left, like elbows high, hands down, one leg is flat on the floor, the other leg is raised to the right, in a straight line, his head is a square, but as if he looking backwards, Strong zombie vibes",54,256,,,,,,,,,,,,,rotate,,"['spooky ghost pose', 'both arms are together points to the left, like elbows high, hands down', 'one leg is flat on the floor', 'the other leg is raised to the right, in a straight line', 'his head is a square, but as if he looking backwards', 'Strong zombie vibes']"
5,4eigY5GthWZfxug8D,5,0,D,W2FcmbCnXZFmMLy9v,speaker,6,"priest vibes, he's stood up straight, Long sleevy stevey, tiny little triangle foot, diamond head, Religious boi, both arms are together, stood up straight, standing, with real smol hands, not penguin boi, this one's more triangular",38,210,,,,,,,,,,,,,rotate,,"['priest vibes', 'he\'s stood up straight', 'Long sleevy stevey', 'tiny little triangle foot', 'diamond head', 'Religious boi', 'both arms are together', 'stood up straight', 'standing', 'with real smol hands', 'not penguin boi', 'this one\'s more triangular']"
6,4eigY5GthWZfxug8D,6,0,H,W2FcmbCnXZFmMLy9v,speaker,6,"this dudes in a sleeping bag, like a worm with a triangle head, looks real cosy, he's got like, most of his body is straight, then his feet are like point out to the right, yeah little wormy end haha, he's got no arms, he's kinda sitting, no ears, like he's got legs",57,246,,,,,,,,,,,,,rotate,,"['a dude in a sleeping bag', 'like a worm with a triangle head', 'most of his body is straight', 'his feet point out to the right', 'no arms', 'kinda sitting', 'no ears', 'he's got legs']"
7,4eigY5GthWZfxug8D,7,0,L,W2FcmbCnXZFmMLy9v,speaker,6,"he's facing right, he's got one big triangle arm, flat on the top, and he's bent his knees, he's more stood up, but with bent knees, yeah the heads kinda sand timer, but the bottom of it, is flat, but their legs are pointed up, not that one, the one with the flat feet, only to the right, that back is flat",66,280,,,,,,,,,,,,,rotate,,"['he\'s facing right', 'he\'s got one big triangle arm, flat on the top', 'he\'s bent his knees', 'he\'s more stood up, but with bent knees', 'the heads kinda sand timer, but the bottom of it is flat', 'their legs are pointed up', 'the one with the flat feet', 'only to the right', 'that back is flat']"
8,4eigY5GthWZfxug8D,8,0,E,W2FcmbCnXZFmMLy9v,speaker,6,"bunny ears, sat on the floor, head slumped down, no arms",11,50,,,,,,,,,,,,,rotate,,"['bunny ears', 'sat on the floor', 'head slumped down', 'no arms']"
9,4eigY5GthWZfxug8D,9,0,B,W2FcmbCnXZFmMLy9v,speaker,6,"this is tricky, mad shapes, shes goes one arm to the right, that is a big triangle, only just connected, the other arm points to the left, little foot on the left yeah, kneeling yes, thing knees, *thicc",39,184,,,,,,,,,,,,,rotate,,"['mad shapes', 'one arm to the right', 'big triangle, only just connected', 'other arm points to the left', 'little foot on the left', 'kneeling', 'thick knees']"
10,4eigY5GthWZfxug8D,10,0,C,W2FcmbCnXZFmMLy9v,speaker,6,"oh snap, looks like he's mid flight, he's flailing his arms, no legs, He's gonna faceplant, long boi, two arms, a head and a body, arms in the air yeah",33,137,,,,,,,,,,,,,rotate,,"['he's mid flight', 'he's flailing his arms', 'no legs', ""He's gonna faceplant"", 'long boi', 'two arms', 'a head and a body', 'arms in the air']"
11,4eigY5GthWZfxug8D,11,0,K,W2FcmbCnXZFmMLy9v,speaker,6,"oh it's the praying bird, with her little feet point up, arms out pointing right, flat top to the arms, a little hump in the top of her back, feet pointing up yeah, one clear head",37,167,,,,,,,,,,,,,rotate,,"['the praying bird', 'little feet point up', 'arms out pointing right', 'flat top to the arms', 'a little hump in the top of her back', 'feet pointing up', 'one clear head']"
12,4mKoevW3ykd2FDr7L,0,0,B,dWap3TF2ZN4rH5aCK,speaker,6,"arms spread out, kneeling, facing right, look like triangles",9,54,,,,,,,,,,,,,rotate,,"['arms spread out', 'kneeling', 'facing right', 'look like triangles']"
13,4mKoevW3ykd2FDr7L,1,0,L,dWap3TF2ZN4rH5aCK,speaker,6,"facing right, looks like an offering, being made, not fully upright but also not kneeling",15,83,,,,,,,,,,,,,rotate,,"['facing right', 'looks like an offering', 'being made', 'not fully upright', 'not kneeling']"
14,4mKoevW3ykd2FDr7L,2,0,E,dWap3TF2ZN4rH5aCK,speaker,6,"square head with two triangles on top, looks sort of like a bunny, yes to two triangles, kneeling*, looks like sitting if anything",24,122,,,,,,,,,,,,,rotate,,"['square head with two triangles on top', 'looks sort of like a bunny', 'yes to two triangles', 'kneeling', 'looks like sitting if anything']"
15,4mKoevW3ykd2FDr7L,3,0,K,dWap3TF2ZN4rH5aCK,speaker,6,"looks like an offering again, facing right, but the back is not straight, to diamond head, as well, kneeling, triangle pointing out from back",24,129,,,,,,,,,,,,,rotate,,"['an offering facing right', 'the back is not straight', 'diamond head', 'kneeling', 'triangle pointing out from back']"
16,4mKoevW3ykd2FDr7L,4,0,H,dWap3TF2ZN4rH5aCK,speaker,6,"kneeling, facing right, back straight, arms not visible, feet not visible",11,65,,,,,,,,,,,,,rotate,,"['kneeling', 'facing right', 'back straight', 'arms not visible', 'feet not visible']"
17,4mKoevW3ykd2FDr7L,5,0,J,dWap3TF2ZN4rH5aCK,speaker,6,"diamond head, on one side of the body, it is a continuous line, with no bend, facing right i'm guessing, so the left side is a continuous, not really kneeling, the right side has an arm pointing right, yes but with a point, on the bottom right, going inward",50,237,,,,,,,,,,,,,rotate,,"['diamond head', 'on one side of the body, it is a continuous line, with no bend, facing right', 'the left side is a continuous', 'the right side has an arm pointing right', 'on the bottom right, going inward']"
18,4mKoevW3ykd2FDr7L,6,0,A,dWap3TF2ZN4rH5aCK,speaker,6,"square head, legs facing left side, one leg on ground, the other in the air, about 45 degrees, head tilted backwards, on the left side, not that one, the two legs are on facing the same side, on the left",40,185,,,,,,,,,,,,,rotate,,"['square head', 'legs facing left side', 'one leg on ground', 'the other in the air, about 45 degrees', 'head tilted backwards', 'on the left side', 'two legs are on facing the same side', 'on the left']"
19,4mKoevW3ykd2FDr7L,7,0,D,dWap3TF2ZN4rH5aCK,speaker,6,"looks like an offering, facing left side, straight back, its straight from the body, then a triangle neck, and then straight from the body onwards, on the left, it sort of looks like a bowl and then a square underneath it",41,209,,,,,,,,,,,,,rotate,,"['an offering', 'facing left side', 'straight back', 'straight from the body', 'triangle neck', 'straight from the body onwards', 'looks like a bowl', 'square underneath it']"
20,4mKoevW3ykd2FDr7L,8,0,F,dWap3TF2ZN4rH5aCK,speaker,6,"diamond head, the person is sitting down, facing left, looks dejected, legs bent, yes knees up, feet facing slightly upward",20,113,,,,,,,,,,,,,rotate,,"['diamond head', 'the person is sitting down, facing left', 'looks dejected', 'legs bent', 'knees up', 'feet facing slightly upward']"
21,4mKoevW3ykd2FDr7L,9,0,G,dWap3TF2ZN4rH5aCK,speaker,6,"head is looking upwards, facing to the right, one foot is in the air, much larger, very long leg on the ground, facing the opposite direction, it's not the one that looks like a martial artist",37,180,,,,,,,,,,,,,rotate,,"['head is looking upwards, facing to the right', 'one foot is in the air', 'much larger, very long leg on the ground, facing the opposite direction', ""it's not the one that looks like a martial artist""]"
22,4mKoevW3ykd2FDr7L,10,0,I,dWap3TF2ZN4rH5aCK,speaker,6,"its the other image, that was chosen, the martial artist, one leg in the air, the other on the ground, arms facing left",23,109,,,,,,,,,,,,,rotate,,"['martial artist', 'one leg in the air', 'the other on the ground', 'arms facing left']"
23,4mKoevW3ykd2FDr7L,11,0,C,dWap3TF2ZN4rH5aCK,speaker,6,"two arms pointing upwards, no legs visible, the arms are on the left and right of the body respectively, the head is looking upwards",24,126,,,,,,,,,,,,,rotate,,"['two arms pointing upwards', 'no legs visible', 'the arms are on the left and right of the body respectively', 'the head is looking upwards']"
24,57QkWqXASdPMDFRmA,0,0,H,foLY9seHz9WKw4HPk,speaker,6,"looks like half a banana with a diamond on top, no arms, upright, bottom leaning right",16,80,,,,,,,,,,,,,rotate,,"['half a banana with a diamond on top', 'no arms', 'upright', 'bottom leaning right']"
25,57QkWqXASdPMDFRmA,1,0,F,foLY9seHz9WKw4HPk,speaker,6,"looks like a person sitting, legs bent towards the left, diamond head hunched a little, no arms, head slightly down, knees bent, no head is a diamond",27,137,,,,,,,,,,,,,rotate,,"['a person sitting', 'legs bent towards the left', 'diamond head hunched a little', 'no arms', 'head slightly down', 'knees bent', 'no head is a diamond']"
26,57QkWqXASdPMDFRmA,2,0,D,foLY9seHz9WKw4HPk,speaker,6,"standing upright, looks like it holding hands open, feet facing left, looks like he's getting communion, left, might look like a waiter",23,125,,,,,,,,,,,,,rotate,,"['standing upright', 'holding hands open', 'feet facing left', 'getting communion', 'left', 'looks like a waiter']"
27,57QkWqXASdPMDFRmA,3,0,B,foLY9seHz9WKw4HPk,speaker,6,"messy, diamond on top with 2 triangles pointed below, right below the diamond, kinda sitting down doesn't look like a person, one pointed left and the other pointed right, below the triangles looks like a mountain",37,205,,,,,,,,,,,,,rotate,,"['messy', 'diamond on top with 2 triangles pointed below', 'one pointed left and the other pointed right', 'below the triangles looks like a mountain']"
28,57QkWqXASdPMDFRmA,4,0,L,foLY9seHz9WKw4HPk,speaker,6,"looks like the waiter but knees bent pointed to the right, standing upright, yes if it looks like knees, wait no flat base, yes half knees, its looks like a person standing bending their knees slightly, holding out their hands to the right",43,227,,,,,,,,,,,,,rotate,,"['a person standing bending their knees slightly', 'holding out their hands to the right']"
29,57QkWqXASdPMDFRmA,5,0,C,foLY9seHz9WKw4HPk,speaker,6,"person raising both arms, not centered, no legs, a bit to the left",13,60,,,,,,,,,,,,,rotate,,"['person raising both arms', 'not centered', 'no legs', 'a bit to the left']"
30,57QkWqXASdPMDFRmA,6,0,K,foLY9seHz9WKw4HPk,speaker,6,"looks a person kneeling on the floor with their hands out to the right, upright, yes slight triangle, yes diamond on top with and diamond bellow",26,138,,,,,,,,,,,,,rotate,,"['a person kneeling on the floor with their hands out to the right', 'upright', 'slight triangle', 'diamond on top with diamond below']"
31,57QkWqXASdPMDFRmA,7,0,J,foLY9seHz9WKw4HPk,speaker,6,"body is a square with a bite taken from it on the right, diamond head, bottom of the bite could look like feet, yes to the right, more of the bite is on the bottom, yes whole left side is a square",42,186,,,,,,,,,,,,,rotate,,"['body is a square with a bite taken from it on the right', 'diamond head', 'bottom of the bite could look like feet', 'yes to the right', 'more of the bite is on the bottom', 'yes whole left side is a square']"
32,57QkWqXASdPMDFRmA,8,0,E,foLY9seHz9WKw4HPk,speaker,6,"head are two opposite triangles with a square bellow, person looks to be sitting down, pointed to the right, asiting and knees bent slightly, yes bigger on right, more pointed",30,165,,,,,,,,,,,,,rotate,,"['two opposite triangles with a square bellow', 'person looks to be sitting down', 'pointed to the right', 'asiting and knees bent slightly', 'bigger on right', 'more pointed']"
33,57QkWqXASdPMDFRmA,9,0,G,foLY9seHz9WKw4HPk,speaker,6,"messy, has 2 heads, the left a square and the right a triangle, facing left, sitting down like the last one kinda, yes one arm, a triangle facing right",29,145,,,,,,,,,,,,,rotate,,"['messy', '2 heads', 'left head is a square', 'right head is a triangle', 'facing left', 'sitting down', 'one arm', 'a triangle facing right']"
34,57QkWqXASdPMDFRmA,10,0,A,foLY9seHz9WKw4HPk,speaker,6,"hopping on one foot, left leg raised, 2 heads, upright, yes triangle pointed nose, right head is a diamond left is pointed down triangle",24,126,,,,,,,,,,,,,rotate,,"['hopping on one foot', 'left leg raised', '2 heads', 'upright', 'triangle pointed nose', 'right head is a diamond', 'left is pointed down triangle']"
35,57QkWqXASdPMDFRmA,11,0,I,foLY9seHz9WKw4HPk,speaker,6,"looks like an ice skater with leg raised, yes body has two triangle facing left",15,77,,,,,,,,,,,,,rotate,,"['an ice skater with leg raised', 'body has two triangles facing left']"
36,6bkpQbsv6wvHWczvB,0,0,D,pNzsWQrabqXgTRTpu,speaker,6,it looks like a guy is holding a cup of soup facing to the left of your screen,18,78,,,,,,,,,,,,,rotate,,['a guy is holding a cup of soup facing to the left of your screen']
37,6bkpQbsv6wvHWczvB,1,0,E,pNzsWQrabqXgTRTpu,speaker,6,"it looks like a person sitting against a wall facing to the RIGHT of your screen, but they have two separate triangles on their head, kind of like wacky hair",30,155,,,,,,,,,,,,,rotate,,"['a person sitting against a wall facing to the RIGHT of your screen', 'two separate triangles on their head, kind of like wacky hair']"
38,6bkpQbsv6wvHWczvB,2,0,G,pNzsWQrabqXgTRTpu,speaker,6,"this one looks like a guy leaning backwards resting on his arms face the left of your screen, and they have a rotated square and a triangle on their head, their ""arm"" is an upside down triangle, no like they are leaning backwards, half leaning half laying, there is an upside down triangle for their arm, and they are facing the left of your screen, there is a rotated square on the left side of their head, and a triangle rotated 45 degrees on the left side of their head",90,458,,,,,,,,,,,,,rotate,,"['a guy leaning backwards resting on his arms face the left of your screen', 'a rotated square and a triangle on their head', 'their ""arm"" is an upside down triangle', 'an upside down triangle for their arm', 'facing the left of your screen', 'a rotated square on the left side of their head', 'a triangle rotated 45 degrees on the left side of their head']"
39,6bkpQbsv6wvHWczvB,3,0,H,pNzsWQrabqXgTRTpu,speaker,6,"this one looks like a guy in a sleeping bag with his head sticking out, their head is a rotated square, pointed",22,107,,,,,,,,,,,,,rotate,,"['a guy in a sleeping bag with his head sticking out', 'their head is a rotated square, pointed']"
40,6bkpQbsv6wvHWczvB,4,0,I,pNzsWQrabqXgTRTpu,speaker,6,"this one looks like a guy doing a yoga pose facing to the left of the screen, standing, it looks like a figure skater, with a pointer head",28,132,,,,,,,,,,,,,rotate,,"['a guy doing a yoga pose facing to the left of the screen', 'standing', 'a figure skater', 'with a pointer head']"
41,6bkpQbsv6wvHWczvB,5,0,K,pNzsWQrabqXgTRTpu,speaker,6,"this one looks like someone praying facing the right of your screen, on their knees, with a pointed head, yes kneeling fully",22,118,,,,,,,,,,,,,rotate,,"['someone praying facing the right of your screen', 'on their knees', 'with a pointed head', 'kneeling fully']"
42,6bkpQbsv6wvHWczvB,6,0,J,pNzsWQrabqXgTRTpu,speaker,6,"this one looks like a box with a head only their arms and feet would be sticking out of the box, facing to the right of the screen, with a pointed square head",33,154,,,,,,,,,,,,,rotate,,"['a box with a head', 'arms and feet would be sticking out of the box', 'facing to the right of the screen', 'pointed square head']"
43,6bkpQbsv6wvHWczvB,7,0,C,pNzsWQrabqXgTRTpu,speaker,6,"this one looks like someone is falling, or swimming, both arms are in the air, no legs",17,80,,,,,,,,,,,,,rotate,,"['someone is falling', 'swimming', 'both arms are in the air', 'no legs']"
44,6bkpQbsv6wvHWczvB,8,0,B,pNzsWQrabqXgTRTpu,speaker,6,"this one looks like an animal facing the left of the screen, with a pointy nose, and a square on their head that's only slightly angled, and a triangle on the back of its head rotated 90 degrees, with the flat piece facing the LEFT of your screen, no looks like an animal with a pointy nose facing the left of the screen, it almost looks shorter than the rest, looking straight to the left of your screen, just a little triangle for feet, that are also facing the left of the screen, there is a square and a triangle on the top of its head",107,519,,,,,,,,,,,,,rotate,,"['an animal facing the left of the screen', 'pointy nose', 'square on their head that\'s only slightly angled', 'triangle on the back of its head rotated 90 degrees', 'flat piece facing the LEFT of your screen', 'looks like an animal with a pointy nose facing the left of the screen', 'almost looks shorter than the rest', 'looking straight to the left of your screen', 'just a little triangle for feet', 'square and a triangle on the top of its head']"
45,6bkpQbsv6wvHWczvB,9,0,L,pNzsWQrabqXgTRTpu,speaker,6,"last one was hard, it facing the right of the screen, squatting looks like it's holding a bowl, with bent legs",22,104,,,,,,,,,,,,,rotate,,"['facing the right of the screen', 'squatting', ""looks like it's holding a bowl"", 'with bent legs']"
46,6bkpQbsv6wvHWczvB,10,0,A,pNzsWQrabqXgTRTpu,speaker,6,"this one is the one with the pointy nose looking down at its feet, one foot is in the air, left, looking down at its feet, facing left of the screen",31,140,,,,,,,,,,,,,rotate,,"['pointy nose', 'looking down at its feet', 'one foot is in the air, left', 'facing left of the screen']"
47,6bkpQbsv6wvHWczvB,11,0,F,pNzsWQrabqXgTRTpu,speaker,6,"this one looks like someone with a box head leaning against a wall, with bad posture, and their knees are bent, learning against a wall to the right of the screen, but they are facing the left of the screen",40,200,,,,,,,,,,,,,rotate,,"['someone with a box head leaning against a wall', 'bad posture', 'knees are bent', 'learning against a wall to the right of the screen', 'facing the left of the screen']"
48,7i3mnwWykEA95fvyk,0,0,F,zKzojrwHz2R6wEi3M,speaker,6,"sitting down, head forward, sideways on, only see one leg",10,51,,,,,,,,,,,,,rotate,,"['sitting down', 'head forward', 'sideways on', 'only see one leg']"
49,7i3mnwWykEA95fvyk,1,0,H,zKzojrwHz2R6wEi3M,speaker,6,"cant see arms or legs, triangle pointing sideways at bottom, symmetrical except for bottom third, not really, straight sides, neck a little lopsided",23,138,,,,,,,,,,,,,rotate,,"['triangle pointing sideways at bottom', 'symmetrical except for bottom third', 'straight sides', 'neck a little lopsided']"
50,7i3mnwWykEA95fvyk,2,0,E,zKzojrwHz2R6wEi3M,speaker,6,"sideways sitting down, head tilted down, two triangles sticking out of head, no leg out",15,81,,,,,,,,,,,,,rotate,,"['sideways sitting down', 'head tilted down', 'two triangles sticking out of head', 'no leg out']"
51,7i3mnwWykEA95fvyk,3,0,J,zKzojrwHz2R6wEi3M,speaker,6,"diamond shape head, straight left body, one small arm sticking out on right, left side of body right angle, left",20,104,,,,,,,,,,,,,rotate,,"['diamond shape head', 'straight left body', 'one small arm sticking out on right', 'left side of body right angle', 'left']"
52,7i3mnwWykEA95fvyk,4,0,D,zKzojrwHz2R6wEi3M,speaker,6,"holding object out to left, left foot pointing out to left, basket yes, no feet in the air, person just standing, bottom corner right angle, right corner",27,141,,,,,,,,,,,,,rotate,,"['holding object out to left', 'left foot pointing out to left', 'basket yes', 'no feet in the air', 'person just standing', 'bottom corner right angle', 'right corner']"
53,7i3mnwWykEA95fvyk,5,0,B,zKzojrwHz2R6wEi3M,speaker,6,"middle of body looks like it's split open, both arms out to the sides like flying, kneeling down, foot on left has flat bottom, and slightly raised",28,139,,,,,,,,,,,,,rotate,,"['middle of body looks like it\'s split open', 'both arms out to the sides like flying', 'kneeling down', 'foot on left has flat bottom, and slightly raised']"
54,7i3mnwWykEA95fvyk,6,0,K,zKzojrwHz2R6wEi3M,speaker,6,"looks like a crocodile's mouth on the right, bottom left right angle, not sure which way facing, or like pac man, head is a diamond on top of another diamond",31,149,,,,,,,,,,,,,rotate,,"['crocodile\'s mouth on the right', 'bottom left right angle', 'head is a diamond on top of another diamond']"
55,7i3mnwWykEA95fvyk,7,0,C,zKzojrwHz2R6wEi3M,speaker,6,"person leaning to the left, both arms up, cant see legs, bit like ghost, slopsided ghost",16,80,,,,,,,,,,,,,rotate,,"['person leaning to the left', 'both arms up', 'can't see legs', 'bit like ghost', 'lopsided ghost']"
56,7i3mnwWykEA95fvyk,8,0,G,zKzojrwHz2R6wEi3M,speaker,6,"sat down sideways on, one arm up one arm down, arms both on the right, head square, central to image, small trunk, ie small waste, flat along bottom",28,138,,,,,,,,,,,,,rotate,,"['sat down sideways on', 'one arm up one arm down', 'arms both on the right', 'head square, central to image', 'small trunk, ie small waste', 'flat along bottom']"
57,7i3mnwWykEA95fvyk,9,0,I,zKzojrwHz2R6wEi3M,speaker,6,"ice skater with one leg up, diamond for head, two arms to the left",14,62,,,,,,,,,,,,,rotate,,"['ice skater with one leg up', 'diamond for head', 'two arms to the left']"
58,7i3mnwWykEA95fvyk,10,0,A,zKzojrwHz2R6wEi3M,speaker,6,"head is as high as body, one leg up, one leg on floor, karate kid",15,59,,,,,,,,,,,,,rotate,,"['head is as high as body', 'one leg up', 'one leg on floor', 'karate kid']"
59,7i3mnwWykEA95fvyk,11,0,L,zKzojrwHz2R6wEi3M,speaker,6,"bottom half looks like a zigzag, one arm out to right, diamond head",13,63,,,,,,,,,,,,,rotate,,"['bottom half looks like a zigzag', 'one arm out to right', 'diamond head']"
60,93ZvRh5AYPNeTJxjv,0,0,J,dTAmMQ6Zw5AbRzRiT,speaker,6,"straight edged on one side, diamond on top, then zig zag on right, standing, zig zag on the side I meant, the right side, it's like a rectangle for the left, then zig zag on the right side",39,174,,,,,,,,,,,,,rotate,,"['straight edged on one side', 'diamond on top', 'zig zag on right', 'standing', 'zig zag on the side', 'rectangle for the left', 'zig zag on the right side']"
61,93ZvRh5AYPNeTJxjv,1,0,H,dTAmMQ6Zw5AbRzRiT,speaker,6,"diamond on top, then triangle, then swooshes out to the right, like someone kneeling, kneeling, nut maybe bent legs, the legs are to one side",25,129,,,,,,,,,,,,,rotate,,"['diamond on top', 'triangle', 'swooshes out to the right', 'someone kneeling', 'kneeling', 'bent legs', 'legs are to one side']"
62,93ZvRh5AYPNeTJxjv,2,0,L,dTAmMQ6Zw5AbRzRiT,speaker,6,"this is the one that some people picked for the last one, bent legs, then hands out straight, diamond on top",21,102,,,,,,,,,,,,,rotate,,"['bent legs', 'hands out straight', 'diamond on top']"
63,93ZvRh5AYPNeTJxjv,3,0,E,dTAmMQ6Zw5AbRzRiT,speaker,6,"wearing some sort of crown, square head, triangle body, sat down, like two mountains, the body, straight edge on the floor",21,110,,,,,,,,,,,,,rotate,,"['wearing some sort of crown', 'square head', 'triangle body', 'sat down', 'like two mountains', 'the body', 'straight edge on the floor']"
64,93ZvRh5AYPNeTJxjv,4,0,A,dTAmMQ6Zw5AbRzRiT,speaker,6,"square on the back, standing up, pointing to the left, looks like a beak",14,66,,,,,,,,,,,,,rotate,,"['square on the back', 'standing up', 'pointing to the left', 'looks like a beak']"
65,93ZvRh5AYPNeTJxjv,5,0,D,dTAmMQ6Zw5AbRzRiT,speaker,6,"square as head but in a diamond shape, hands holding out, pointing to the left, no leg, its a triangle morphed with a rectangle, then a triangle foot, triangle for shoulders and a diamond head",35,180,,,,,,,,,,,,,rotate,,"['square as head but in a diamond shape', 'hands holding out, pointing to the left', 'no leg', 'triangle morphed with a rectangle', 'triangle foot', 'triangle for shoulders', 'diamond head']"
66,93ZvRh5AYPNeTJxjv,6,0,G,dTAmMQ6Zw5AbRzRiT,speaker,6,"laid down, looks like a rabbit, hand behind back, different one, its laid down, triangle behind it, reaching behind, to the right, legs are layed down, then sitting up",29,149,,,,,,,,,,,,,rotate,,"['laid down', 'looks like a rabbit', 'hand behind back', 'different one', 'its laid down', 'triangle behind it', 'reaching behind', 'to the right', 'legs are layed down', 'then sitting up']"
67,93ZvRh5AYPNeTJxjv,7,0,C,dTAmMQ6Zw5AbRzRiT,speaker,6,"both arms up in the air, diamond head, slanted body, leaning to the left, no legs",16,73,,,,,,,,,,,,,rotate,,"['both arms up in the air', 'diamond head', 'slanted body', 'leaning to the left', 'no legs']"
68,93ZvRh5AYPNeTJxjv,8,0,I,dTAmMQ6Zw5AbRzRiT,speaker,6,"on one leg, other leg pointing left, sort of balancing, to arms in front, yes right sorry, yes looks like a tail",22,102,,,,,,,,,,,,,rotate,,"['on one leg', 'other leg pointing left', 'sort of balancing', 'two arms in front', 'looks like a tail']"
69,93ZvRh5AYPNeTJxjv,9,0,K,dTAmMQ6Zw5AbRzRiT,speaker,6,"kneeling down, facing to the right, triangle at the feet, triangle, arms reaching out, arms are just like flat down, best way to describe it, together, diamond head, diamond neck yes",31,164,,,,,,,,,,,,,rotate,,"['kneeling down, facing to the right', 'triangle at the feet', 'triangle', 'arms reaching out', 'arms are just like flat down, together', 'diamond head', 'diamond neck']"
70,93ZvRh5AYPNeTJxjv,10,0,B,dTAmMQ6Zw5AbRzRiT,speaker,6,"square and triangle on top of another triangle, small triangle to the left, Straight sided on the floor, no legs, sort of like and animal layed down, out like a tail",31,155,,,,,,,,,,,,,rotate,,"['square and triangle on top of another triangle', 'small triangle to the left', 'Straight sided on the floor', 'no legs', 'like an animal layed down', 'out like a tail']"
71,93ZvRh5AYPNeTJxjv,11,0,F,dTAmMQ6Zw5AbRzRiT,speaker,6,"square head, looks like someone sat on their bum haha, legs bent upwards, no arms, legs facing the left, yeah diamond sorry",22,113,,,,,,,,,,,,,rotate,,"['square head', 'looks like someone sat on their bum', 'legs bent upwards', 'no arms', 'legs facing the left', 'diamond sorry']"
72,aFykNpfLr9BqKdsFL,0,0,E,qioaDCfDaa28TFEA8,speaker,6,looks like a bunny,4,18,,,,,,,,,,,,,rotate,,['a bunny']
73,aFykNpfLr9BqKdsFL,1,0,D,qioaDCfDaa28TFEA8,speaker,6,"looks like a praying man standing up straight, looking at the sky",12,63,,,,,,,,,,,,,rotate,,"['a praying man standing up straight', 'looking at the sky']"
74,aFykNpfLr9BqKdsFL,2,0,C,qioaDCfDaa28TFEA8,speaker,6,"a guy leaning forward, no feet, looks like he's screaming at the sky, outwards, you can see both arms",20,93,,,,,,,,,,,,,rotate,,"['a guy leaning forward', 'no feet', ""looks like he's screaming at the sky, outwards"", 'you can see both arms']"
75,aFykNpfLr9BqKdsFL,3,0,H,qioaDCfDaa28TFEA8,speaker,6,"has no arms or legs, no ears either, looks like the letter j, but backwards",15,69,,,,,,,,,,,,,rotate,,"['has no arms or legs', 'no ears either', 'looks like the letter j', 'but backwards']"
76,aFykNpfLr9BqKdsFL,4,0,L,qioaDCfDaa28TFEA8,speaker,6,"a person praying with their knees bent slightly, facing the right side, and a straight back, no pointy tail the other one",22,115,,,,,,,,,,,,,rotate,,"['a person praying with their knees bent slightly', 'facing the right side', 'and a straight back', 'no pointy tail', 'the other one']"
77,aFykNpfLr9BqKdsFL,5,0,J,qioaDCfDaa28TFEA8,speaker,6,"looks like the previous cocoon one, no arms or legs, very straight back, not the same one as before, back is straight, facing the right, the body looks light a boot",31,152,,,,,,,,,,,,,rotate,,"['no arms or legs', 'very straight back', 'not the same one as before', 'back is straight', 'facing the right', 'the body looks like a boot']"
78,aFykNpfLr9BqKdsFL,6,0,B,qioaDCfDaa28TFEA8,speaker,6,the head has one triangle coming out of it,9,42,,,,,,,,,,,,,rotate,,['the head has one triangle coming out of it']
79,aFykNpfLr9BqKdsFL,7,0,F,qioaDCfDaa28TFEA8,speaker,6,"looks like a homeless man sitting on the street, with no bunny ears",13,65,,,,,,,,,,,,,rotate,,"['homeless man sitting on the street', 'no bunny ears']"
80,aFykNpfLr9BqKdsFL,8,0,K,qioaDCfDaa28TFEA8,speaker,6,"looks like a big mouth open towards the right, has a diamond head, no ears, looks like a less than sign",21,97,,,,,,,,,,,,,rotate,,"['big mouth open towards the right', 'diamond head', 'no ears', 'less than sign']"
81,aFykNpfLr9BqKdsFL,9,0,A,qioaDCfDaa28TFEA8,speaker,6,"walking man, with one foot up, not the barrelina one, looks like his head is falling off, the head is on the right side, but the legs are facing the other way",32,148,,,,,,,,,,,,,rotate,,"['walking man', 'one foot up', 'not the barrelina one', 'head is falling off', 'head is on the right side', 'legs are facing the other way']"
82,aFykNpfLr9BqKdsFL,10,0,G,qioaDCfDaa28TFEA8,speaker,6,the body looks like a heel,6,26,,,,,,,,,,,,,rotate,,['the body looks like a heel']
83,aFykNpfLr9BqKdsFL,11,0,I,qioaDCfDaa28TFEA8,speaker,6,"looks like a figure skater, one foot up",8,37,,,,,,,,,,,,,rotate,,"['a figure skater', 'one foot up']"
84,cLaK88862bv7MHMuQ,0,0,J,XgpZ3ySCe7xA9xome,speaker,6,"diamond head, small arm pointing right, small foot pointing right, large belly pointing right Flat left-hand side",18,113,,,,,,,,,,,,,rotate,,"['diamond head', 'small arm pointing right', 'small foot pointing right', 'large belly pointing right', 'Flat left-hand side']"
85,cLaK88862bv7MHMuQ,1,0,H,XgpZ3ySCe7xA9xome,speaker,6,"small tail pointing right in the bottom right-hand side of the picture Slight indent on the bottom left-hand side of the picture Flat sides, but left side is longer than the right-side, head slightly to the right of shoulder, flat bottom, pointing out in bottom-right of picture to right-hand side, no arms",57,298,,,,,,,,,,,,,rotate,,"['small tail pointing right in the bottom right-hand side of the picture', 'Slight indent on the bottom left-hand side of the picture', 'Flat sides, but left side is longer than the right-side, head slightly to the right of shoulder, flat bottom, pointing out in bottom-right of picture to right-hand side, no arms']"
86,cLaK88862bv7MHMuQ,2,0,E,XgpZ3ySCe7xA9xome,speaker,6,bunny rabbit ears Flat left-hand side and flat bottom,10,53,,,,,,,,,,,,,rotate,,"['bunny rabbit ears', 'Flat left-hand side', 'flat bottom']"
87,cLaK88862bv7MHMuQ,3,0,A,XgpZ3ySCe7xA9xome,speaker,6,"Standing on one leg Other foot pointing out on left-hand side 2 heads, One head a perfect square Other head one side slanted, Kicking yes, trapezoid yes",28,146,,,,,,,,,,,,,rotate,,"['Standing on one leg', 'Other foot pointing out on left-hand side', '2 heads', 'One head a perfect square', 'Other head one side slanted', 'Kicking', 'trapezoid yes']"
88,cLaK88862bv7MHMuQ,4,0,G,XgpZ3ySCe7xA9xome,speaker,6,"small triangle on right-hand side of picture 2 heads, one square in top-left of picture, Flat bottom in bottom-right hand side of picture, Thin chest, Small triangle pointing out to the left at the top of the chest, Small triangle foot on in bottom-right of picture barely attached",52,273,,,,,,,,,,,,,rotate,,"['small triangle on right-hand side of picture', '2 heads', 'one square in top-left of picture', 'Flat bottom in bottom-right hand side of picture', 'Thin chest', 'Small triangle pointing out to the left at the top of the chest', 'Small triangle foot on in bottom-right of picture barely attached']"
89,cLaK88862bv7MHMuQ,5,0,L,XgpZ3ySCe7xA9xome,speaker,6,"Triangle pointing out to right-hand side of picture Looks like a soldier carrying a gun, Legs in a zig zag, Head slightly to the right of shoulders, Flat back on left-hand side, Gun pointing to right-hand side, Not left, Clear",43,214,,,,,,,,,,,,,rotate,,"['Triangle pointing out to right-hand side of picture', 'Looks like a soldier carrying a gun', 'Legs in a zig zag', 'Head slightly to the right of shoulders', 'Flat back on left-hand side', 'Gun pointing to right-hand side', 'Not left', 'Clear']"
90,cLaK88862bv7MHMuQ,6,0,I,XgpZ3ySCe7xA9xome,speaker,6,"Standing on one left Two triangles sticking out to left-hand side, Small triangle as a tail on right-hand side, Standing on one leg*",26,128,,,,,,,,,,,,,rotate,,"['Standing on one left', 'Two triangles sticking out to left-hand side', 'Small triangle as a tail on right-hand side', 'Standing on one leg']"
91,cLaK88862bv7MHMuQ,7,0,F,XgpZ3ySCe7xA9xome,speaker,6,"Looks like a man on the floor in pain, Triangle foot on far-left of picture, Head in top-right of picture, Barely attached to chest, Flat bottom, with slight indent in bottom-right of picture, flat back on right-hand side of picture",44,222,,,,,,,,,,,,,rotate,,"['man on the floor in pain', 'Triangle foot on far-left of picture', 'Head in top-right of picture', 'Barely attached to chest', 'Flat bottom', 'slight indent in bottom-right of picture', 'flat back on right-hand side of picture']"
92,cLaK88862bv7MHMuQ,8,0,K,XgpZ3ySCe7xA9xome,speaker,6,"Triangle pointing out to the right-hand side in the middle of the picture and bottom of the picture, Head looks like it is stacked on another diamond, Small triangle tail in bottom left-hand side of picture, Two jutting out bits, one in bottom left, one to the left of shoulders slightly above it, Two bits jutting out to right",61,319,,,,,,,,,,,,,rotate,,"['Triangle pointing out to the right-hand side in the middle of the picture and bottom of the picture', 'Head looks like it is stacked on another diamond', 'Small triangle tail in bottom left-hand side of picture', 'Two jutting out bits, one in bottom left, one to the left of shoulders slightly above it', 'Two bits jutting out to right']"
93,cLaK88862bv7MHMuQ,9,0,D,XgpZ3ySCe7xA9xome,speaker,6,"Looks like a man carrying a gun, but pointing out to the left-hand side this time, Very thick chest, Flat back on right-hand side, Head slightly to the left of shoulders",33,163,,,,,,,,,,,,,rotate,,"['a man carrying a gun, but pointing out to the left-hand side this time', 'Very thick chest', 'Flat back on right-hand side', 'Head slightly to the left of shoulders']"
94,cLaK88862bv7MHMuQ,10,0,C,XgpZ3ySCe7xA9xome,speaker,6,"Looks like one of those puppets you get a car sales shops, Going out to the left, diagonally, One arm waving to the top-right, one arm waving to the left",31,147,,,,,,,,,,,,,rotate,,"['one of those puppets you get a car sales shops', 'going out to the left, diagonally', 'one arm waving to the top-right', 'one arm waving to the left']"
95,cLaK88862bv7MHMuQ,11,0,B,XgpZ3ySCe7xA9xome,speaker,6,"Looks like someone kneeling on the floor, triangle arm on right not attached to body, Other arm attached on left-hand side, Small triangle foot on left-hand side, Flat bottom, with indent on the left-hand side, Head in-between the two arms",44,229,,,,,,,,,,,,,rotate,,"['someone kneeling on the floor', 'triangle arm on right not attached to body', 'Other arm attached on left-hand side', 'Small triangle foot on left-hand side', 'Flat bottom, with indent on the left-hand side', 'Head in-between the two arms']"
96,CojwM8x8ZFDB9Y6HF,0,0,F,EzNkXZLQTRPpggasi,speaker,6,"the picture looks like someone sitting down hunched over facing left, no with feet out to the left, with feet out but legs bent",24,123,,,,,,,,,,,,,rotate,,"['someone sitting down hunched over facing left', 'feet out to the left', 'feet out but legs bent']"
97,CojwM8x8ZFDB9Y6HF,1,0,E,EzNkXZLQTRPpggasi,speaker,6,"it's like a slope up to the top left with a box on top and the two triangles coming off the box, yeah kind of like a rabbit, yeah it does have a right angle, yeah there are two triangles and a square",44,193,,,,,,,,,,,,,rotate,,"['a slope up to the top left with a box on top', 'two triangles coming off the box', 'kind of like a rabbit', 'it does have a right angle', 'two triangles and a square']"
98,CojwM8x8ZFDB9Y6HF,2,0,I,EzNkXZLQTRPpggasi,speaker,6,"it looks like someone facing left stood on one foot, with the other foot facing right, and arms out in front",21,104,,,,,,,,,,,,,rotate,,"['someone facing left stood on one foot', 'the other foot facing right', 'arms out in front']"
99,CojwM8x8ZFDB9Y6HF,3,0,G,EzNkXZLQTRPpggasi,speaker,6,"it kind of looks like someone doing karate maybe, like one leg is massive along the bottom and the other one is tiny, the head is at the top left",30,141,,,,,,,,,,,,,rotate,,"['someone doing karate', 'one leg is massive along the bottom and the other one is tiny', 'head is at the top left']"
100,CojwM8x8ZFDB9Y6HF,4,0,D,EzNkXZLQTRPpggasi,speaker,6,"it's like someone standing straight, and the feet are kind of sticking out to the left but the legs are straight, with big sleeves, no not someone reading a book",31,155,,,,,,,,,,,,,rotate,,"['someone standing straight', 'feet sticking out to the left', 'legs are straight', 'big sleeves']"
101,CojwM8x8ZFDB9Y6HF,5,0,C,EzNkXZLQTRPpggasi,speaker,6,"its slanted to the top left, with arms out, and no feet, like someone being pushed over",17,81,,,,,,,,,,,,,rotate,,"['slanted to the top left', 'arms out', 'no feet', 'someone being pushed over']"
102,CojwM8x8ZFDB9Y6HF,6,0,K,EzNkXZLQTRPpggasi,speaker,6,"the body looks a bit weird i'll try and explain, the heads at the top, then below that a bigger one to the right, the body is straight, maybe facing to the right with their arms out in front, yeah with the flick at the left, no more kneeling than squatting, up and left, behind the legs",58,270,,,,,,,,,,,,,rotate,,"['the heads at the top', 'a bigger one to the right', 'the body is straight', 'facing to the right with their arms out in front', 'with the flick at the left', 'no more kneeling than squatting', 'up and left', 'behind the legs']"
103,CojwM8x8ZFDB9Y6HF,7,0,J,EzNkXZLQTRPpggasi,speaker,6,"most of the body is like a square, but it looks a bit like a cliff, yeah with a chunk out of it, diamond head on top, right angle on the top and bottom left",35,148,,,,,,,,,,,,,rotate,,"['most of the body is like a square', 'looks a bit like a cliff', 'chunk out of it', 'diamond head on top', 'right angle on the top and bottom left']"
104,CojwM8x8ZFDB9Y6HF,8,0,A,EzNkXZLQTRPpggasi,speaker,6,"itls like an animal, with the head down, facing left, and one foot on the floor, and the other kicking up, with a box coming out of the back of its neck, no arms, it's kind of facing towards the bottom left, it's like a point",48,209,,,,,,,,,,,,,rotate,,"['an animal', 'head down, facing left', 'one foot on the floor', 'other kicking up', 'box coming out of the back of its neck', 'no arms', 'facing towards the bottom left', 'like a point']"
105,CojwM8x8ZFDB9Y6HF,9,0,H,EzNkXZLQTRPpggasi,speaker,6,basically a bean with a head,6,28,,,,,,,,,,,,,rotate,,['a bean with a head']
106,CojwM8x8ZFDB9Y6HF,10,0,B,EzNkXZLQTRPpggasi,speaker,6,"it kind of looks like a dog lying down, but looking up and left, one ears a box and the others a triangle, it's not the one with the slope, the diamond is above both the triangles, the bottoms kind of flat, one to the right, and a diamond on top",52,231,,,,,,,,,,,,,rotate,,"['a dog lying down, but looking up and left', 'one ear is a box and the other is a triangle', 'the diamond is above both the triangles', 'the bottom is kind of flat', 'one to the right', 'a diamond on top']"
107,CojwM8x8ZFDB9Y6HF,11,0,L,EzNkXZLQTRPpggasi,speaker,6,"it looks like someone reading a book, facing right, legs slightly bent",12,66,,,,,,,,,,,,,rotate,,"['someone reading a book', 'facing right', 'legs slightly bent']"
108,fvaDCsGFedLr7w3Ra,0,0,J,xpptKsHRbyPCwjxab,speaker,6,"Looks as if it is pointing to the right whilst standing straight, Head is on a flat line, whole left side is straight",23,115,,,,,,,,,,,,,rotate,,"['pointing to the right whilst standing straight', 'Head is on a flat line', 'whole left side is straight']"
109,fvaDCsGFedLr7w3Ra,1,0,K,xpptKsHRbyPCwjxab,speaker,6,"Wow ok, part of the body that touches the head is incredibly thin, Two jagged edges on the right side, Pointing out to the right yeah, Bottom is flat, head is on a diamond yeah",35,168,,,,,,,,,,,,,rotate,,"['part of the body that touches the head is incredibly thin', 'Two jagged edges on the right side', 'Pointing out to the right', 'Bottom is flat', 'head is on a diamond']"
110,fvaDCsGFedLr7w3Ra,2,0,A,xpptKsHRbyPCwjxab,speaker,6,"Looks as if it has two legs, is kicking one of them out to the left, Head is to the right",21,87,,,,,,,,,,,,,rotate,,"['two legs', 'kicking one of them out to the left', 'Head is to the right']"
111,fvaDCsGFedLr7w3Ra,3,0,E,xpptKsHRbyPCwjxab,speaker,6,"The top is two parts, almost like triangles facing slightly different directions, Yeah, sitting down facing right",17,111,,,,,,,,,,,,,rotate,,"['two parts, almost like triangles facing slightly different directions', 'sitting down facing right']"
112,fvaDCsGFedLr7w3Ra,4,0,B,xpptKsHRbyPCwjxab,speaker,6,"Diamond on top, One block is the body to the left, To the right is a triangle, I have absolutely no idea what shape that is I'll be honest, Yeah that's the one, triangle in the bottom left of it",42,186,,,,,,,,,,,,,rotate,,"['Diamond on top', 'One block is the body to the left', 'To the right is a triangle', 'triangle in the bottom left of it']"
113,fvaDCsGFedLr7w3Ra,5,0,F,xpptKsHRbyPCwjxab,speaker,6,"Sitting down, facing left, about the most basic one probably",10,58,,,,,,,,,,,,,rotate,,"['Sitting down', 'facing left', 'the most basic one probably']"
114,fvaDCsGFedLr7w3Ra,6,0,G,xpptKsHRbyPCwjxab,speaker,6,"Head is to the left of the body, there's two triangles all the way out on the right side",20,88,,,,,,,,,,,,,rotate,,"['Head is to the left of the body', ""there's two triangles all the way out on the right side""]"
115,fvaDCsGFedLr7w3Ra,7,0,C,xpptKsHRbyPCwjxab,speaker,6,"looks as if it's got wings I guess, Head is next to the left arm",16,62,,,,,,,,,,,,,rotate,,"['it\'s got wings', 'Head is next to the left arm']"
116,fvaDCsGFedLr7w3Ra,8,0,I,xpptKsHRbyPCwjxab,speaker,6,"Standing on one leg, As if it's facing left, Two jagged triangles going to the left below the head",20,94,,,,,,,,,,,,,rotate,,"['Standing on one leg', ""As if it's facing left"", 'Two jagged triangles going to the left below the head']"
117,fvaDCsGFedLr7w3Ra,9,0,D,xpptKsHRbyPCwjxab,speaker,6,"Standing up vertically, the entire right side is straight, pointing to the left",13,77,,,,,,,,,,,,,rotate,,"['Standing up vertically', 'the entire right side is straight', 'pointing to the left']"
118,fvaDCsGFedLr7w3Ra,10,0,H,xpptKsHRbyPCwjxab,speaker,6,"Erm, it's all quite straight vertically The bottom sticks out at the right side, There's two that are pretty much vertical and it's not the one that was the answer to the last clue!, no arms",40,186,,,,,,,,,,,,,rotate,,"['all quite straight vertically', 'bottom sticks out at the right side', 'two that are pretty much vertical', ""not the one that was the answer to the last clue!"", 'no arms']"
119,fvaDCsGFedLr7w3Ra,11,0,L,xpptKsHRbyPCwjxab,speaker,6,"Pointing to the right, This one is quite simple and for some reason I have no idea how to describe it, Relatively vertical, Bottom half is a rectangle skewed to the right, Knees bent, potentially a better description haha",39,213,,,,,,,,,,,,,rotate,,"- Pointing to the right
- This one is quite simple
- Relatively vertical
- Bottom half is a rectangle skewed to the right
- Knees bent"
120,k4otZKu35xehtF93F,0,0,L,2uEiLua7RSNzB3CP8,speaker,6,"kneeled down and praying, down",5,28,,,,,,,,,,,,,rotate,,['kneeled down and praying']
121,k4otZKu35xehtF93F,1,0,E,2uEiLua7RSNzB3CP8,speaker,6,sort of looks like a rabbit taking a nap,9,40,,,,,,,,,,,,,rotate,,['a rabbit taking a nap']
122,k4otZKu35xehtF93F,2,0,K,2uEiLua7RSNzB3CP8,speaker,6,"kneeled down and praying, but with feet up",8,42,,,,,,,,,,,,,rotate,,"['kneeled down and praying', 'with feet up']"
123,k4otZKu35xehtF93F,3,0,I,2uEiLua7RSNzB3CP8,speaker,6,"balanced on one foot whilst leaning forward, with one foot back",11,63,,,,,,,,,,,,,rotate,,"['balanced on one foot', 'leaning forward', 'one foot back']"
124,k4otZKu35xehtF93F,4,0,A,2uEiLua7RSNzB3CP8,speaker,6,"looking back after just taking a football kick, balanced on one foot, head is sort of out of place",19,94,,,,,,,,,,,,,rotate,,"['balanced on one foot', 'head is sort of out of place']"
125,k4otZKu35xehtF93F,5,0,B,2uEiLua7RSNzB3CP8,speaker,6,"on his knees pretending to be a chicken, bless him, or praying, both knees down",15,73,,,,,,,,,,,,,rotate,,"['on his knees pretending to be a chicken', 'praying', 'both knees down']"
126,k4otZKu35xehtF93F,6,0,J,2uEiLua7RSNzB3CP8,speaker,6,"sitting by a wall, with his arms up and crossed ( ), legs down, sitting down",15,70,,,,,,,,,,,,,rotate,,"['sitting by a wall', 'arms up and crossed', 'legs down', 'sitting down']"
127,k4otZKu35xehtF93F,7,0,D,2uEiLua7RSNzB3CP8,speaker,6,"standing up and reading, arms holding the book",8,44,,,,,,,,,,,,,rotate,,"['standing up', 'reading', 'arms holding the book']"
128,k4otZKu35xehtF93F,8,0,G,2uEiLua7RSNzB3CP8,speaker,6,"like a ghost, except his head is looking backwards, or pulled backwards",12,69,,,,,,,,,,,,,rotate,,"['like a ghost', 'head is looking backwards', 'pulled backwards']"
129,k4otZKu35xehtF93F,9,0,H,2uEiLua7RSNzB3CP8,speaker,6,"a baby in a blanket, with his feet pointing out to the right, no limbs sticking out, man sitting by a wall except has no lower legs, and no arms, sitting on a wall on the left",37,165,,,,,,,,,,,,,rotate,,"['a baby in a blanket, with his feet pointing out to the right', 'no limbs sticking out', 'man sitting by a wall except has no lower legs', 'no arms', 'sitting on a wall on the left']"
130,k4otZKu35xehtF93F,10,0,F,2uEiLua7RSNzB3CP8,speaker,6,"the one that looks most like a man sitting by a wall, looking slightly down, wall to the right, head to the right, feet to the left, knees up, head looking down",32,148,,,,,,,,,,,,,rotate,,"['a man sitting by a wall', 'looking slightly down', 'wall to the right', 'head to the right', 'feet to the left', 'knees up', 'head looking down']"
131,k4otZKu35xehtF93F,11,0,C,2uEiLua7RSNzB3CP8,speaker,6,"classic ghost or man with his hands up, slanted, slanted to the left, both arms up, and out, no legs ^",21,92,,,,,,,,,,,,,rotate,,"['classic ghost or man with his hands up', 'slanted', 'slanted to the left', 'both arms up', 'and out', 'no legs']"
132,nySo3NiJX7Kres7zm,0,0,L,iMBFSMZFcXNsgL6Hp,speaker,6,"Looks like a person half bending down with hands forward, facing down, on the floor, I would say to the right, it's in the centre of their body",29,135,,,,,,,,,,,,,rotate,,"['a person half bending down with hands forward, facing down', 'on the floor', 'to the right', ""it's in the centre of their body""]"
133,nySo3NiJX7Kres7zm,1,0,G,iMBFSMZFcXNsgL6Hp,speaker,6,"quite chaotic, almost lying on floor with one arm towards floor and one in air, head facing to left",19,97,,,,,,,,,,,,,rotate,,"['quite chaotic', 'almost lying on floor with one arm towards floor and one in air', 'head facing to left']"
134,nySo3NiJX7Kres7zm,2,0,I,iMBFSMZFcXNsgL6Hp,speaker,6,"standing on one leg with other leg in the air to the right, 2 arms facing to the left pointing forward",21,100,,,,,,,,,,,,,rotate,,"['standing on one leg with other leg in the air to the right', '2 arms facing to the left pointing forward']"
135,nySo3NiJX7Kres7zm,3,0,F,iMBFSMZFcXNsgL6Hp,speaker,6,"looks like person sat down with head facing to the left, legs facing to the left, quite a thick body compared to some others, can't see arms",28,134,,,,,,,,,,,,,rotate,,"['person sat down with head facing to the left', 'legs facing to the left', 'quite a thick body compared to some others', ""can't see arms""]"
136,nySo3NiJX7Kres7zm,4,0,J,iMBFSMZFcXNsgL6Hp,speaker,6,"looks like a block, head in middle, can't see arms or legs properly, you can kind of see a pointed foot, and pointy shoulder on right",27,125,,,,,,,,,,,,,rotate,,"['a block', 'head in middle', 'pointed foot', 'pointy shoulder on right']"
137,nySo3NiJX7Kres7zm,5,0,A,iMBFSMZFcXNsgL6Hp,speaker,6,"looks like a zombie almost, head to the right, legs facing left, arms pointing up and to the left",19,91,,,,,,,,,,,,,rotate,,"['a zombie almost', 'head to the right', 'legs facing left', 'arms pointing up and to the left']"
138,nySo3NiJX7Kres7zm,6,0,B,iMBFSMZFcXNsgL6Hp,speaker,6,"looks like a person praying, head facing to the right, properly knelt on floor, head in hands",17,87,,,,,,,,,,,,,rotate,,"['a person praying', 'head facing to the right', 'properly knelt on floor', 'head in hands']"
139,nySo3NiJX7Kres7zm,7,0,D,iMBFSMZFcXNsgL6Hp,speaker,6,"person holding a box to the left, feet pointing to the left",12,57,,,,,,,,,,,,,rotate,,"['person holding a box to the left', 'feet pointing to the left']"
140,nySo3NiJX7Kres7zm,8,0,C,iMBFSMZFcXNsgL6Hp,speaker,6,"person with arms in the air, can't see feet or legs really, head sliding slightly to the left",19,89,,,,,,,,,,,,,rotate,,"['person with arms in the air', 'can't see feet or legs really', 'head sliding slightly to the left']"
141,nySo3NiJX7Kres7zm,9,0,H,iMBFSMZFcXNsgL6Hp,speaker,6,"can't see arms or legs, looks like a bit of a block",13,49,,,,,,,,,,,,,rotate,,"['can't see arms or legs', 'looks like a bit of a block']"
142,nySo3NiJX7Kres7zm,10,0,K,iMBFSMZFcXNsgL6Hp,speaker,6,"like someone on their knees with arms out to the right, head upwards, sort of yes, but the one where legs are fully on floor, not the one where the knees just look bent",34,162,,,,,,,,,,,,,rotate,,"['someone on their knees with arms out to the right', 'head upwards', 'legs are fully on floor']"
143,nySo3NiJX7Kres7zm,11,0,E,iMBFSMZFcXNsgL6Hp,speaker,6,"looks like a person sat down against a wall with their knees up and some weird headband, only one with stuff on top of the head",26,125,,,,,,,,,,,,,rotate,,"['a person sat down against a wall with their knees up', 'weird headband', 'only one with stuff on top of the head']"
144,ppvQxmgBzQniJp9K3,0,0,L,GK7qetdhhFYnmv9aj,speaker,6,"person with bended knees and arms pointed to right, with only one head, straight back, not sitting on knee",19,100,,,,,,,,,,,,,rotate,,"['person with bended knees', 'arms pointed to right', 'only one head', 'straight back', 'not sitting on knee']"
145,ppvQxmgBzQniJp9K3,1,0,J,GK7qetdhhFYnmv9aj,speaker,6,"completely straight back on the left hand side, bottom and top corners on left hand side form right angles, right arm hand sticks out further than right foot no left arm or foot is visible",35,184,,,,,,,,,,,,,rotate,,"['completely straight back on the left hand side', 'bottom and top corners on left hand side form right angles', 'right arm hand sticks out further than right foot', 'no left arm or foot is visible']"
146,ppvQxmgBzQniJp9K3,2,0,C,GK7qetdhhFYnmv9aj,speaker,6,"left and right arms in the air with right arm in a higher position that reaches above head, yes leaning to left, no feet, yes does look like diving football goalkeeper",31,161,,,,,,,,,,,,,rotate,,"['left and right arms in the air with right arm in a higher position that reaches above head', 'leaning to left', 'does look like diving football goalkeeper']"
147,ppvQxmgBzQniJp9K3,3,0,B,GK7qetdhhFYnmv9aj,speaker,6,"looks to be in a kneeling position with right arm only touching body at bottom point of head, yes left and right arms are visible but right arm only attaches at one point to bottom point of head, left foot is visible of sorts but looks like a tail, head would be on right",54,265,,,,,,,,,,,,,rotate,,"['in a kneeling position with right arm only touching body at bottom point of head', 'left and right arms are visible but right arm only attaches at one point to bottom point of head', 'left foot is visible of sorts but looks like a tail', 'head would be on right']"
148,ppvQxmgBzQniJp9K3,4,0,F,GK7qetdhhFYnmv9aj,speaker,6,"looks like a person sitting down with the back on the left and there legs stretched out to the right and bent at knee, nothing on head head sits slightly forward from back, person is not kneeling they are facing left",41,212,,,,,,,,,,,,,rotate,,"['a person sitting down with the back on the left', 'legs stretched out to the right and bent at knee', 'nothing on head', 'head sits slightly forward from back', 'person is not kneeling', 'facing left']"
149,ppvQxmgBzQniJp9K3,5,0,A,GK7qetdhhFYnmv9aj,speaker,6,"one leg is in the middle with foot pointing to left, second leg also protrudes from middle also pointing to left, person is standing looks like they could be dancing, kinda reminds me of peugeot badge, yes head on right hand side of body",44,229,,,,,,,,,,,,,rotate,,"['one leg is in the middle with foot pointing to left', 'second leg also protrudes from middle also pointing to left', 'person is standing looks like they could be dancing', 'kinda reminds me of peugeot badge', 'head on right hand side of body']"
150,ppvQxmgBzQniJp9K3,6,0,E,GK7qetdhhFYnmv9aj,speaker,6,"doesn't really resemble a person at all, kind of like a an area graph with a palm tree or windmill on top, two triangles (bunny ears) sticking out of head, of it was a person they would be sitting facing right, i'm guessing what would normally be arms would be sticking out of head",56,273,,,,,,,,,,,,,rotate,,"['an area graph with a palm tree or windmill on top', 'two triangles (bunny ears) sticking out of head', 'if it was a person they would be sitting facing right', ""i'm guessing what would normally be arms would be sticking out of head""]"
151,ppvQxmgBzQniJp9K3,7,0,G,GK7qetdhhFYnmv9aj,speaker,6,"both arms sticking out back pointing to left - almost like angel wings, legs pointing to left, head would be pointing to left, it's not the one that looks like an ice skater",33,167,,,,,,,,,,,,,rotate,,"['both arms sticking out back pointing to left - almost like angel wings', 'legs pointing to left', 'head would be pointing to left', ""it's not the one that looks like an ice skater""]"
152,ppvQxmgBzQniJp9K3,8,0,I,GK7qetdhhFYnmv9aj,speaker,6,ice skater lol,3,14,,,,,,,,,,,,,rotate,,['ice skater']
153,ppvQxmgBzQniJp9K3,9,0,K,GK7qetdhhFYnmv9aj,speaker,6,"like someone kneeling praying with arms pointing right, head joins onto another diamond shape, although 2nd diamond blends into body",20,128,,,,,,,,,,,,,rotate,,"['someone kneeling praying with arms pointing right', 'head joins onto another diamond shape', '2nd diamond blends into body']"
154,ppvQxmgBzQniJp9K3,10,0,H,GK7qetdhhFYnmv9aj,speaker,6,"no arms visible, yes could be crossed legged as feet aren't visible would be pointing to right",18,92,,,,,,,,,,,,,rotate,,"['no arms visible', 'crossed legged as feet aren\'t visible', 'feet would be pointing to right']"
155,ppvQxmgBzQniJp9K3,11,0,D,GK7qetdhhFYnmv9aj,speaker,6,"looks like person standing with arms pointing out to left, if the were wearing robe would look like it was around their arms, straight back down the right, or holding a tray would work",34,178,,,,,,,,,,,,,rotate,,"['person standing with arms pointing out to left', 'if they were wearing robe would look like it was around their arms', 'straight back down the right', 'holding a tray would work']"
156,QiHQvZjkmw7v9k3P4,0,0,J,Rju3Fq3cNiFHZ94te,speaker,6,"diamond above, diamond above a flat trapezium, the diamond on top of a flat surface, no legs no arms",19,94,,,,,,,,,,,,,rotate,,"['diamond above', 'diamond above a flat trapezium', 'the diamond on top of a flat surface', 'no legs no arms']"
157,QiHQvZjkmw7v9k3P4,1,0,E,Rju3Fq3cNiFHZ94te,speaker,6,"two diamonds above, a square in the middle, a triangle below, not the one sitting down, a square is in between, the square is bent, two triangles above",28,139,,,,,,,,,,,,,rotate,,"['two diamonds above', 'a square in the middle', 'a triangle below', 'not the one sitting down', 'a square is in between', 'the square is bent', 'two triangles above']"
158,QiHQvZjkmw7v9k3P4,2,0,D,Rju3Fq3cNiFHZ94te,speaker,6,"a standing form, not sitting, diamond above, looks like wearing an apron, diamond head facing upwards, yeah has hands, no bent legs",22,119,,,,,,,,,,,,,rotate,,"['a standing form', 'diamond above', 'wearing an apron', 'diamond head facing upwards', 'has hands', 'no bent legs']"
159,QiHQvZjkmw7v9k3P4,3,0,I,Rju3Fq3cNiFHZ94te,speaker,6,"has a tail, like a triangle, diamond head, one leg, slanting, like a z hand, yeah to the left",19,81,,,,,,,,,,,,,rotate,,"['has a tail', 'like a triangle', 'diamond head', 'one leg', 'slanting', 'like a z hand', 'to the left']"
160,QiHQvZjkmw7v9k3P4,4,0,C,Rju3Fq3cNiFHZ94te,speaker,6,"hands up, like one celebrating, bent body, solid straight body, slanting body to the left",15,81,,,,,,,,,,,,,rotate,,"['hands up, like one celebrating', 'bent body', 'solid straight body', 'slanting body to the left']"
161,QiHQvZjkmw7v9k3P4,5,0,A,Rju3Fq3cNiFHZ94te,speaker,6,"head at the neck, facing to the left, one leg is raised, one leg raised",15,65,,,,,,,,,,,,,rotate,,"['head at the neck', 'facing to the left', 'one leg is raised', 'one leg raised']"
162,QiHQvZjkmw7v9k3P4,6,0,G,Rju3Fq3cNiFHZ94te,speaker,6,"a triangle on the floor, a rectangle on the floor, square facing to the left, heads facing to the right, one arm attached to the leg, like a triangle attached to the leg",33,159,,,,,,,,,,,,,rotate,,"['a triangle on the floor', 'a rectangle on the floor', 'square facing to the left', 'heads facing to the right', 'one arm attached to the leg, like a triangle attached to the leg']"
163,QiHQvZjkmw7v9k3P4,7,0,F,Rju3Fq3cNiFHZ94te,speaker,6,"sitting down, faced to the left, facing left",8,40,,,,,,,,,,,,,rotate,,"['sitting down', 'faced to the left', 'facing left']"
164,QiHQvZjkmw7v9k3P4,8,0,K,Rju3Fq3cNiFHZ94te,speaker,6,"facing right, hands like a triangle, no ears, protrusion on the legs, yeah like a chef going to serve food, but straight legs",23,115,,,,,,,,,,,,,rotate,,"['facing right', 'hands like a triangle', 'no ears', 'protrusion on the legs', 'like a chef going to serve food', 'straight legs']"
165,QiHQvZjkmw7v9k3P4,9,0,B,Rju3Fq3cNiFHZ94te,speaker,6,"triangle body, not standing, like a triangle on its legs",10,52,,,,,,,,,,,,,rotate,,"['triangle body', 'not standing', 'like a triangle on its legs']"
166,QiHQvZjkmw7v9k3P4,10,0,L,Rju3Fq3cNiFHZ94te,speaker,6,"like a chef carrying food but with slanting legs, diamond head",11,60,,,,,,,,,,,,,rotate,,"['a chef carrying food', 'slanting legs', 'diamond head']"
167,QiHQvZjkmw7v9k3P4,11,0,H,Rju3Fq3cNiFHZ94te,speaker,6,"no arms, just head and body, facing right, bent knees, diamond head",12,59,,,,,,,,,,,,,rotate,,"['no arms', 'just head and body', 'facing right', 'bent knees', 'diamond head']"
168,qzNuN6yp4HDWzko6T,0,0,A,eAaeMJEcW8LDwgBSn,speaker,6,"Someone with their head backwards, Something like a leg, a little raised, and a square on the same side",19,101,,,,,,,,,,,,,rotate,,"['Someone with their head backwards', 'Something like a leg, a little raised', 'a square on the same side']"
169,qzNuN6yp4HDWzko6T,1,0,L,eAaeMJEcW8LDwgBSn,speaker,6,"Slightly bent person holding something, His knees and arms point to the right",13,75,,,,,,,,,,,,,rotate,,"['Slightly bent person holding something', 'His knees and arms point to the right']"
170,qzNuN6yp4HDWzko6T,2,0,H,eAaeMJEcW8LDwgBSn,speaker,6,"Person sitting with legs backwards, so they go unnoticed, The legs are as a point to the right, No, the head is at the top, as if she were sitting on her own legs",34,156,,,,,,,,,,,,,rotate,,"['Person sitting with legs backwards, so they go unnoticed', 'The legs are as a point to the right', 'the head is at the top, as if she were sitting on her own legs']"
171,qzNuN6yp4HDWzko6T,3,0,B,eAaeMJEcW8LDwgBSn,speaker,6,"She has a triangle on her back, and she is kind of sitting, she has breasts, her head is pointing to the left, If they point to the left",29,134,,,,,,,,,,,,,rotate,,"['triangle on her back', 'kind of sitting', 'breasts', 'head is pointing to the left']"
172,qzNuN6yp4HDWzko6T,4,0,I,eAaeMJEcW8LDwgBSn,speaker,6,"He has one leg raised backwards, is leaning on one leg, and his arms are pointing to the left",19,93,,,,,,,,,,,,,rotate,,"['one leg raised backwards', 'leaning on one leg', 'arms are pointing to the left']"
173,qzNuN6yp4HDWzko6T,5,0,G,eAaeMJEcW8LDwgBSn,speaker,6,"It's like a person dancing, His legs and head are backwards, One of the legs and one arm is formed separately to the right, like two triangles, Does not look like a goalkeeper",34,169,,,,,,,,,,,,,rotate,,"['a person dancing', 'legs and head are backwards', 'one leg and one arm formed separately to the right, like two triangles', 'does not look like a goalkeeper']"
174,qzNuN6yp4HDWzko6T,6,0,K,eAaeMJEcW8LDwgBSn,speaker,6,"It looks like a person praying, as if kneeling down, His arms appear to be together to the right, and his legs to the left, Yes on your knees",29,137,,,,,,,,,,,,,rotate,,"['a person praying', 'kneeling down', 'arms appear to be together to the right', 'legs to the left']"
175,qzNuN6yp4HDWzko6T,7,0,C,eAaeMJEcW8LDwgBSn,speaker,6,It looks like a goalkeeper diving for a ball,9,44,,,,,,,,,,,,,rotate,,['a goalkeeper diving for a ball']
176,qzNuN6yp4HDWzko6T,8,0,F,eAaeMJEcW8LDwgBSn,speaker,6,"It is like a person sitting with his legs forward, both his head and legs pointing to the left, Yes by looking at the knees",25,121,,,,,,,,,,,,,rotate,,"['a person sitting with his legs forward', 'head and legs pointing to the left', 'looking at the knees']"
177,qzNuN6yp4HDWzko6T,9,0,J,eAaeMJEcW8LDwgBSn,speaker,6,"It looks like a person with no legs, is the rarest figure has two points pointing to the right, It looks just like a penguin",25,120,,,,,,,,,,,,,rotate,,"['a person with no legs', 'the rarest figure has two points pointing to the right', 'a penguin']"
178,qzNuN6yp4HDWzko6T,10,0,E,eAaeMJEcW8LDwgBSn,speaker,6,"Sitting and has like two rabbit ears on his head, legs pointing to the right",15,76,,,,,,,,,,,,,rotate,,"['Sitting', 'two rabbit ears on his head', 'legs pointing to the right']"
179,qzNuN6yp4HDWzko6T,11,0,D,eAaeMJEcW8LDwgBSn,speaker,6,"He is a stand-up person, Holding something to the left",11,52,,,,,,,,,,,,,rotate,,"['a stand-up person', 'Holding something to the left']"
180,YcwXqvuyhhCeZ3GSZ,0,0,F,TpNRiZ9WuhnFh5qYA,speaker,6,it looks like a man sitting down,7,32,,,,,,,,,,,,,rotate,,['a man sitting down']
181,YcwXqvuyhhCeZ3GSZ,1,0,E,TpNRiZ9WuhnFh5qYA,speaker,6,"it looks like a mountain, that has a windmill on top",11,50,,,,,,,,,,,,,rotate,,"['a mountain', 'a windmill on top']"
182,YcwXqvuyhhCeZ3GSZ,2,0,B,TpNRiZ9WuhnFh5qYA,speaker,6,"it looks like a man kneeling, with wings, but it's not the one that looks like totally a bird, its other foot is showing, i would say that his head is a square that is tilted, but yeah he is definitely kneeling, with two triangular arms, he is not the one that looks like praying",56,265,,,,,,,,,,,,,rotate,,"['a man kneeling', 'with wings', 'other foot is showing', 'head is a square that is tilted', 'two triangular arms']"
183,YcwXqvuyhhCeZ3GSZ,3,0,G,TpNRiZ9WuhnFh5qYA,speaker,6,"this man looks like its offering something, he is looking up, and he looks like he is offering something, nope he is slightly kneeling",24,128,,,,,,,,,,,,,rotate,,"['a man', 'looking up', 'offering something', 'slightly kneeling']"
184,YcwXqvuyhhCeZ3GSZ,4,0,K,TpNRiZ9WuhnFh5qYA,speaker,6,"ok this one is kneeling and praying, or he could be trying to beg for money or something, his head is straight, his backside, is much larger than the other one that also looks like praying",36,180,,,,,,,,,,,,,rotate,,"['kneeling and praying', 'trying to beg for money', 'head is straight', 'backside is much larger than the other one', 'looks like praying']"
185,YcwXqvuyhhCeZ3GSZ,5,0,I,TpNRiZ9WuhnFh5qYA,speaker,6,"this man is standing on one foot, and his other foot is way back, he looks like he is ice skating",21,93,,,,,,,,,,,,,rotate,,"['a man', 'standing on one foot', 'other foot is way back', 'looks like he is ice skating']"
186,YcwXqvuyhhCeZ3GSZ,6,0,J,TpNRiZ9WuhnFh5qYA,speaker,6,"is the most covered, he has the most mass, his other arm is sticking out",15,68,,,,,,,,,,,,,rotate,,"['the most covered', 'he has the most mass', 'his other arm is sticking out']"
187,YcwXqvuyhhCeZ3GSZ,7,0,H,TpNRiZ9WuhnFh5qYA,speaker,6,"this one has the shape of the previous one, but he is a lite version of it, he has no arms",21,86,,,,,,,,,,,,,rotate,,"['the shape of the previous one', 'a lite version of it', 'he has no arms']"
188,YcwXqvuyhhCeZ3GSZ,8,0,D,TpNRiZ9WuhnFh5qYA,speaker,6,"this one looks like a priest, standing and holding a book",11,55,,,,,,,,,,,,,rotate,,"['a priest', 'standing', 'holding a book']"
189,YcwXqvuyhhCeZ3GSZ,9,0,A,TpNRiZ9WuhnFh5qYA,speaker,6,"this dude is also seems like he is offering something to the sun god, both of his feet are shown, standing on one foot, yes his head is backwards, and his other foot is forward",35,168,,,,,,,,,,,,,rotate,,"['a dude', 'offering something to the sun god', 'both of his feet are shown', 'standing on one foot', 'head is backwards', 'other foot is forward']"
190,YcwXqvuyhhCeZ3GSZ,10,0,L,TpNRiZ9WuhnFh5qYA,speaker,6,"ok this one is kneeling and praying too, but he is the ;ite version of the previous one, he is not all the way down",25,111,,,,,,,,,,,,,rotate,,"['kneeling and praying', 'lite version of the previous one', 'not all the way down']"
191,YcwXqvuyhhCeZ3GSZ,11,0,C,TpNRiZ9WuhnFh5qYA,speaker,6,"this one is definitely flying, like an eagle, he looks like NATU if you are aware of pokemon",18,88,,,,,,,,,,,,,rotate,,"['flying', 'like an eagle', 'looks like NATU', 'if you are aware of pokemon']"
192,yPMhLu9xFgbC5dWLY,0,0,J,3HQ2FaXAPXevHQfsd,speaker,6,"the image is like the left part of a square, the closest to a whole square, if you look at it like it's a person it's pointing right",30,128,,,,,,,,,,,,,rotate,,"['left part of a square', 'closest to a whole square', 'pointing right']"
193,yPMhLu9xFgbC5dWLY,1,0,E,3HQ2FaXAPXevHQfsd,speaker,6,"ok, looking at it like they're people, this is the one with two things sticking out of its head, like someone sitting with their back against a wall looking down, maybe wearing a bow or something",37,191,,,,,,,,,,,,,rotate,,"['the one with two things sticking out of its head', 'someone sitting with their back against a wall looking down', 'maybe wearing a bow or something']"
194,yPMhLu9xFgbC5dWLY,2,0,K,3HQ2FaXAPXevHQfsd,speaker,6,"this has two diamond ""heads"" on the top then a triangle pointing right, and another one below that also pointing right, there's a like one diamond below the other",30,160,,,,,,,,,,,,,rotate,,"['two diamond ""heads"" on the top', 'a triangle pointing right', 'another one below that also pointing right', 'one diamond below the other']"
195,yPMhLu9xFgbC5dWLY,3,0,L,3HQ2FaXAPXevHQfsd,speaker,6,"this one is like a person facing right pointing right and they have their knees bend, but are still standing",20,108,,,,,,,,,,,,,rotate,,"['a person facing right', 'pointing right', 'knees bent', 'still standing']"
196,yPMhLu9xFgbC5dWLY,4,0,H,3HQ2FaXAPXevHQfsd,speaker,6,"going with the person thing, this is the one that looks like they have no arms or legs, the bottom part is facing right",24,117,,,,,,,,,,,,,rotate,,"['looks like they have no arms or legs', 'bottom part is facing right']"
197,yPMhLu9xFgbC5dWLY,5,0,B,3HQ2FaXAPXevHQfsd,speaker,6,"this one looks like someone on their knees with both arms spread out to the sides, the middle chest area isn't a solid color, there's a white void, arms to the left and right, on knees, legs pointed to the left, no, like a full person, looks like they want to give you a hug",57,264,,,,,,,,,,,,,rotate,,"['someone on their knees with both arms spread out to the sides', ""the middle chest area isn't a solid color, there's a white void"", 'arms to the left and right', 'on knees', 'legs pointed to the left', 'like a full person', 'looks like they want to give you a hug']"
198,yPMhLu9xFgbC5dWLY,6,0,D,3HQ2FaXAPXevHQfsd,speaker,6,"this one is like a lowercase i with an arm pointing left, bottom would be like the right side of a square",22,103,,,,,,,,,,,,,rotate,,"['lowercase i with an arm pointing left', 'bottom would be like the right side of a square']"
199,yPMhLu9xFgbC5dWLY,7,0,A,3HQ2FaXAPXevHQfsd,speaker,6,"this one has two distinct ""feet"", both are pointing left, head leaning to the right",16,79,,,,,,,,,,,,,rotate,,"['two distinct ""feet""', 'both are pointing left', 'head leaning to the right']"
200,yPMhLu9xFgbC5dWLY,8,0,G,3HQ2FaXAPXevHQfsd,speaker,6,"this one looks the least like a person, abstract, jagged, the head would be to the left of the shoulders maybe",21,106,,,,,,,,,,,,,rotate,,"['abstract', 'jagged', 'the head would be to the left of the shoulders maybe']"
201,yPMhLu9xFgbC5dWLY,9,0,C,3HQ2FaXAPXevHQfsd,speaker,6,"this is the guy that's just torso and arms up in the air, arms forming a y, body slanting left",21,92,,,,,,,,,,,,,rotate,,"['guy', 'just torso and arms up in the air', 'arms forming a y', 'body slanting left']"
202,yPMhLu9xFgbC5dWLY,10,0,I,3HQ2FaXAPXevHQfsd,speaker,6,"this is the other one with two distinct feet kinda things, looks like they're making a yoga pose, two arms pointing left, one left flat on ground, other pointed right",31,160,,,,,,,,,,,,,rotate,,"['two distinct feet kinda things', 'looks like they\'re making a yoga pose', 'two arms pointing left', 'one left flat on ground', 'other pointed right']"
203,yPMhLu9xFgbC5dWLY,11,0,F,3HQ2FaXAPXevHQfsd,speaker,6,"this is a back against the wall, facing left, sitting, knees up a bit",14,65,,,,,,,,,,,,,rotate,,"['back against the wall', 'facing left', 'sitting', 'knees up a bit']"
204,znSiJdhs7sWk5xhgA,0,0,K,HaYEtB56fe33ZSXjw,speaker,6,"Kneeling with hands out Has a slight tail standing up, Tail pointing up, hands right",15,82,,,,,,,,,,,,,rotate,,"['Kneeling with hands out', 'Has a slight tail standing up', 'Tail pointing up', 'hands right']"
205,znSiJdhs7sWk5xhgA,1,0,I,HaYEtB56fe33ZSXjw,speaker,6,"Standing on one leg, leaning to the left",8,40,,,,,,,,,,,,,rotate,,"['Standing on one leg', 'leaning to the left']"
206,znSiJdhs7sWk5xhgA,2,0,B,HaYEtB56fe33ZSXjw,speaker,6,"kneeling down, facing right arms in the air slightly, foot or tail sticking out to left",16,85,,,,,,,,,,,,,rotate,,"['kneeling down', 'facing right', 'arms in the air slightly', 'foot or tail sticking out to left']"
207,znSiJdhs7sWk5xhgA,3,0,C,HaYEtB56fe33ZSXjw,speaker,6,"leaning to the left like they have scored a goal, arms in the air, body slightly diagonal, yes, either side",20,101,,,,,,,,,,,,,rotate,,"['leaning to the left like they have scored a goal', 'arms in the air', 'body slightly diagonal', 'either side']"
208,znSiJdhs7sWk5xhgA,4,0,G,HaYEtB56fe33ZSXjw,speaker,6,"not really a body shape Looks like a somebody sitting down maybe Head just attached, Looking to the left, But there is a picture of somebody sitting down - ignore that, like a tail to the right, arms behind the head, just a weird body shape, like the shape of italy",50,253,,,,,,,,,,,,,rotate,,"['not really a body shape', 'somebody sitting down maybe', 'Head just attached, Looking to the left', 'like a tail to the right', 'arms behind the head', 'just a weird body shape', 'like the shape of italy']"
209,znSiJdhs7sWk5xhgA,5,0,J,HaYEtB56fe33ZSXjw,speaker,6,"almost a square body arm pointing slightly to the right, small triangle to bottom right, it's the squarest body of them all, yes, straight to the top",28,143,,,,,,,,,,,,,rotate,,"['almost a square body', 'arm pointing slightly to the right', 'small triangle to bottom right', ""it's the squarest body of them all"", 'straight to the top']"
210,znSiJdhs7sWk5xhgA,6,0,F,HaYEtB56fe33ZSXjw,speaker,6,"sitting down in slouched position facing left, proper body shape, yes - knees bent",13,78,,,,,,,,,,,,,rotate,,"['sitting down in slouched position facing left', 'proper body shape', 'knees bent']"
211,znSiJdhs7sWk5xhgA,7,0,H,HaYEtB56fe33ZSXjw,speaker,6,"straight up body but curves to the right slightly at the bottom, no arms or legs, no hands, no arms, Almost hexagon body, but has a bit at the bottom right",31,149,,,,,,,,,,,,,rotate,,"['straight up body but curves to the right slightly at the bottom', 'no arms or legs', 'no hands', 'no arms', 'Almost hexagon body, but has a bit at the bottom right']"
212,znSiJdhs7sWk5xhgA,8,0,A,HaYEtB56fe33ZSXjw,speaker,6,"like a dancing bear Facing left, 1 leg slightly lifted, arms hanging to the right too, head looks like it could fall off",23,116,,,,,,,,,,,,,rotate,,"['a dancing bear', 'Facing left', '1 leg slightly lifted', 'arms hanging to the right too', 'head looks like it could fall off']"
213,znSiJdhs7sWk5xhgA,9,0,L,HaYEtB56fe33ZSXjw,speaker,6,"like a priest praying Facing right Almost in kneeling position, No tail or legs in the air",17,88,,,,,,,,,,,,,rotate,,"['like a priest praying', 'Facing right', 'Almost in kneeling position', 'No tail or legs in the air']"
214,znSiJdhs7sWk5xhgA,10,0,D,HaYEtB56fe33ZSXjw,speaker,6,"Another priest type one Facing left, standing up, arms and hand straight",12,70,,,,,,,,,,,,,rotate,,"['Another priest type one', 'Facing left', 'standing up', 'arms and hand straight']"
215,znSiJdhs7sWk5xhgA,11,0,E,HaYEtB56fe33ZSXjw,speaker,6,"weird shape Like a palm tree or bunny ears from the head, body is of 2 triangles Looking right",19,92,,,,,,,,,,,,,rotate,,"['weird shape', 'Like a palm tree or bunny ears from the head', 'body is of 2 triangles', 'Looking right']"
